{
  "credentials": {
    "email": "chandlerbing@friends.com",
    "password": "SomeRandomPasswordPleaseKeepMeSecret", // turn on less-secure-apps to send emails: https://myaccount.google.com/lesssecureapps?pli=1
    "host": "smtp.gmail.com", // depends on what service you are using
    "port": 465, // 465 / 587
    "secureConnection": true // boolean: true | false
  },
  "mail": {
    "subject": "Heya {{fname}} {{lname}}! Just wanted to say hi!",
    "from": "Chandler Bing <chandlerbing@friends.com>", // keep the format
    "to": "leads.csv", // path to csv (relative to where this file is)
    "theme": "themes/Newsletter/theme.html", // path to csv (relative to where this file is)
    "attachments": [
      // relative path to the attachment files. Keep this array `empty` if no attachments.
      // SEE THE EXAMPLES BELOW.
      {
        "filename": "{{fname}}'s Demo CSV.csv", // You may use string patterns in fileName
        "path": "leads.csv" // You may use string patterns in path too!
      },
      {
        "filename": "{{fname}} {{lname}}'s Resume.pdf",
        "path": "https://raw.githubusercontent.com/KumarAbhirup/resume/master/Kumar%20Abhirup%20CV.pdf"
      }
    ]
  },
  "configuration": {
    "mailInterval": "*/10 * * * * *", // Cron Expression: To mail every 10 seconds [ >= 10 seconds recommended ]
    "verbose": true // boolean: True if you want a log of the live process in the terminal.
  }
}
