{
  "credentials": {
    "service": "gmail", // 'gmail', 'custom'
    "email": "chandlerbing@friends.com",
    "password": "SomeRandomPasswordPleaseKeepMeSecret", // turn on less-secure-apps to send emails: https://myaccount.google.com/lesssecureapps?pli=1
    "host": null, // use only if `service: custom`
    "port": null, // 465 / 587
    "secureConnection": true // boolean: true | false
  },
  "mail": {
    "subject": "Heya ({#fname#}) ({#lname#})! Just wanted to say hi!",
    "from": "Chandler Bing <chandlerbing@friends.com>", // keep the format
    "to": "leads.csv", // path to csv (relative to where this file is)
    "theme": "themes/Newsletter/theme.html", // path to csv (relative to where this file is)
    "attachments": [ // relative path to the attachment files. Keep `null` if no attachment.
      "path/to/attachment/file"
    ]
  },
  "configuration": {
    "mailInterval": 60000 // 1000 = 1 second. 60000 = 6 seconds
  },
  // The `nonUserData` is filled by `bulk-mail-cli` and its creators recommend you to not edit this.
  "nonUserData": {
    "sentTo": [],
    "leftToSend": []
  }
}